-- phpMyAdmin SQL Dump
-- version 4.8.3
-- https://www.phpmyadmin.net/
--
-- Host: 127.0.0.1
-- Generation Time: Dec 23, 2020 at 01:45 PM
-- Server version: 10.1.36-MariaDB
-- PHP Version: 5.6.38

SET SQL_MODE = "NO_AUTO_VALUE_ON_ZERO";
SET AUTOCOMMIT = 0;
START TRANSACTION;
SET time_zone = "+00:00";


/*!40101 SET @OLD_CHARACTER_SET_CLIENT=@@CHARACTER_SET_CLIENT */;
/*!40101 SET @OLD_CHARACTER_SET_RESULTS=@@CHARACTER_SET_RESULTS */;
/*!40101 SET @OLD_COLLATION_CONNECTION=@@COLLATION_CONNECTION */;
/*!40101 SET NAMES utf8mb4 */;

--
-- Database: `seminar`
--

-- --------------------------------------------------------

--
-- Table structure for table `groups`
--

CREATE TABLE `groups` (
  `id` mediumint(8) UNSIGNED NOT NULL,
  `name` varchar(20) NOT NULL,
  `description` varchar(100) NOT NULL
) ENGINE=InnoDB DEFAULT CHARSET=utf8;

--
-- Dumping data for table `groups`
--

INSERT INTO `groups` (`id`, `name`, `description`) VALUES
(1, 'admin', 'Administrator'),
(2, 'members', 'General User');

-- --------------------------------------------------------

--
-- Table structure for table `jenjang`
--

CREATE TABLE `jenjang` (
  `id_jenjang` tinyint(2) NOT NULL,
  `kode_jenjang` varchar(3) NOT NULL,
  `nama_jenjang` varchar(30) NOT NULL
) ENGINE=InnoDB DEFAULT CHARSET=utf8mb4;

--
-- Dumping data for table `jenjang`
--

INSERT INTO `jenjang` (`id_jenjang`, `kode_jenjang`, `nama_jenjang`) VALUES
(1, 'D3', 'Diploma-3'),
(2, 'S1', 'Strata-1');

-- --------------------------------------------------------

--
-- Table structure for table `konsentrasi`
--

CREATE TABLE `konsentrasi` (
  `id_konsentrasi` tinyint(2) NOT NULL,
  `kode_konsentrasi` varchar(3) NOT NULL,
  `nama_konsentrasi` varchar(30) NOT NULL
) ENGINE=InnoDB DEFAULT CHARSET=utf8mb4;

--
-- Dumping data for table `konsentrasi`
--

INSERT INTO `konsentrasi` (`id_konsentrasi`, `kode_konsentrasi`, `nama_konsentrasi`) VALUES
(1, 'SI', 'Sistem Infomasi'),
(2, 'RPL', 'Rekayasa Perangkat Lunak'),
(3, 'TK', 'Teknik Komputer');

-- --------------------------------------------------------

--
-- Table structure for table `login_attempts`
--

CREATE TABLE `login_attempts` (
  `id` int(11) UNSIGNED NOT NULL,
  `ip_address` varchar(45) NOT NULL,
  `login` varchar(100) NOT NULL,
  `time` int(11) UNSIGNED DEFAULT NULL
) ENGINE=InnoDB DEFAULT CHARSET=utf8;

--
-- Dumping data for table `login_attempts`
--

INSERT INTO `login_attempts` (`id`, `ip_address`, `login`, `time`) VALUES
(2, '::1', 'administrator', 1608691803);

-- --------------------------------------------------------

--
-- Table structure for table `mahasiswa`
--

CREATE TABLE `mahasiswa` (
  `id_mahasiswa` int(11) NOT NULL,
  `nim` int(8) NOT NULL,
  `nama_mhs` varchar(50) NOT NULL,
  `id_prodi` tinyint(2) NOT NULL,
  `id_konsentrasi` tinyint(2) NOT NULL,
  `id_jenjang` tinyint(2) NOT NULL,
  `email` varchar(50) NOT NULL,
  `no_telp` varchar(13) NOT NULL
) ENGINE=InnoDB DEFAULT CHARSET=utf8mb4;

--
-- Dumping data for table `mahasiswa`
--

INSERT INTO `mahasiswa` (`id_mahasiswa`, `nim`, `nama_mhs`, `id_prodi`, `id_konsentrasi`, `id_jenjang`, `email`, `no_telp`) VALUES
(1, 12345678, 'Mahasiswa 1', 1, 1, 2, 'mahasiswa1@gmail.com', '0812345678'),
(162, 12345678, 'ninobagus', 1, 1, 1, 'ninobagus.mail@gmail.com', '089539304966');

-- --------------------------------------------------------

--
-- Table structure for table `metode_pembayaran`
--

CREATE TABLE `metode_pembayaran` (
  `id_metode` tinyint(2) NOT NULL,
  `nama_metode` varchar(15) NOT NULL
) ENGINE=InnoDB DEFAULT CHARSET=utf8mb4;

--
-- Dumping data for table `metode_pembayaran`
--

INSERT INTO `metode_pembayaran` (`id_metode`, `nama_metode`) VALUES
(1, 'Cash'),
(2, 'Transfer'),
(3, 'Belum Bayar');

-- --------------------------------------------------------

--
-- Table structure for table `pembicara`
--

CREATE TABLE `pembicara` (
  `id_pembicara` tinyint(3) NOT NULL,
  `nama_pembicara` varchar(150) NOT NULL,
  `latar_belakang` varchar(100) NOT NULL,
  `id_seminar` tinyint(3) NOT NULL,
  `foto` varchar(100) NOT NULL
) ENGINE=InnoDB DEFAULT CHARSET=utf8mb4;

--
-- Dumping data for table `pembicara`
--

INSERT INTO `pembicara` (`id_pembicara`, `nama_pembicara`, `latar_belakang`, `id_seminar`, `foto`) VALUES
(7, 'Rahmat Mulyana ST.,MT.,MBA,PMP,CISA,CISM,CGEIT,CRISC,COBITSF,CSXF,ITLF,ISO27001-LA,ISO9001-IA', 'President of ISACA Indonesia', 1, '8e3a9d6fb462c5ecdf44ee46f7b6bfe7.jpg'),
(10, 'Prabowo Wahyu Sudarno', 'Associate Mobile Android Developer in Mamikost', 1, '813dfa969b69d1d64f390d34a147f1e7.png'),
(11, 'Asep Sudarmaji', 'Area Sales Coordinator Bandung (Grabkios) PT. Grab Indonesia', 1, 'cb09f1debfecc6df79427b9be30b9d88.png'),
(12, 'agus', 'bagas', 2, 'a37003f9f28af85c6691288a1eed7d38.jpg');

-- --------------------------------------------------------

--
-- Table structure for table `pendaftaran_seminar`
--

CREATE TABLE `pendaftaran_seminar` (
  `id_pendaftaran` int(10) NOT NULL,
  `id_seminar` tinyint(3) NOT NULL,
  `id_mahasiswa` int(11) NOT NULL,
  `tgl_daftar` date NOT NULL,
  `jam_daftar` time NOT NULL,
  `id_stsbyr` tinyint(2) NOT NULL,
  `id_metode` tinyint(2) NOT NULL
) ENGINE=InnoDB DEFAULT CHARSET=utf8mb4;

--
-- Dumping data for table `pendaftaran_seminar`
--

INSERT INTO `pendaftaran_seminar` (`id_pendaftaran`, `id_seminar`, `id_mahasiswa`, `tgl_daftar`, `jam_daftar`, `id_stsbyr`, `id_metode`) VALUES
(159, 1, 1, '2020-03-20', '11:09:07', 1, 2),
(160, 1, 162, '2020-12-23', '09:54:10', 2, 3),
(161, 2, 162, '2020-12-23', '10:22:34', 2, 3);

-- --------------------------------------------------------

--
-- Table structure for table `presensi_seminar`
--

CREATE TABLE `presensi_seminar` (
  `id_presensi` int(11) NOT NULL,
  `id_mahasiswa` tinyint(3) NOT NULL,
  `nomor_induk` int(15) NOT NULL,
  `id_seminar` tinyint(3) NOT NULL,
  `tgl_khd` date NOT NULL,
  `jam_khd` time NOT NULL,
  `id_stskhd` tinyint(1) NOT NULL
) ENGINE=InnoDB DEFAULT CHARSET=utf8mb4;

-- --------------------------------------------------------

--
-- Table structure for table `prodi`
--

CREATE TABLE `prodi` (
  `id_prodi` tinyint(2) NOT NULL,
  `kode_prodi` varchar(2) NOT NULL,
  `nama_prodi` varchar(30) NOT NULL
) ENGINE=InnoDB DEFAULT CHARSET=utf8mb4;

--
-- Dumping data for table `prodi`
--

INSERT INTO `prodi` (`id_prodi`, `kode_prodi`, `nama_prodi`) VALUES
(1, 'IF', 'Teknik Informatika'),
(2, 'MI', 'Manajemen Informatika'),
(3, 'KA', 'Komputer Akuntansi');

-- --------------------------------------------------------

--
-- Table structure for table `seminar`
--

CREATE TABLE `seminar` (
  `id_seminar` int(3) NOT NULL,
  `nama_seminar` varchar(50) NOT NULL,
  `tgl_pelaksana` date NOT NULL,
  `lampiran` varchar(64) NOT NULL
) ENGINE=InnoDB DEFAULT CHARSET=utf8mb4;

--
-- Dumping data for table `seminar`
--

INSERT INTO `seminar` (`id_seminar`, `nama_seminar`, `tgl_pelaksana`, `lampiran`) VALUES
(1, 'Smart Society In Era 4.0', '2020-12-23', '190b2b206ed49e3aa214f9f8843b91e0.jpg'),
(2, 'seminar server', '2020-12-23', 'f17fe527f040627c8e1117dc2103583f.jpg');

-- --------------------------------------------------------

--
-- Table structure for table `sponsor`
--

CREATE TABLE `sponsor` (
  `id_sponsor` tinyint(3) NOT NULL,
  `nama_sponsor` varchar(30) NOT NULL,
  `gambar` varchar(100) NOT NULL,
  `id_seminar` tinyint(3) NOT NULL
) ENGINE=InnoDB DEFAULT CHARSET=utf8mb4;

--
-- Dumping data for table `sponsor`
--

INSERT INTO `sponsor` (`id_sponsor`, `nama_sponsor`, `gambar`, `id_seminar`) VALUES
(2, 'Nutragen', '503e56f7e0818aada74a6005adcb47de.jpg', 1),
(3, 'Sosro', 'e61859bd372d0d074b94c35262f16fd6.jpg', 1),
(4, 'Tiesore', '6af1ad9e4af93a7f1936131687d0f515.jpg', 1),
(5, 'Tri Cell', 'de6d8eee332e2a452b5f5ff6a495d2d5.jpg', 1),
(6, 'Binary Indonesia', '63b611e06c384c798e5c6ffc8cf9eb31.jpg', 1);

-- --------------------------------------------------------

--
-- Table structure for table `status_kehadiran`
--

CREATE TABLE `status_kehadiran` (
  `id_stskhd` tinyint(1) NOT NULL,
  `nama_stskhd` varchar(15) NOT NULL
) ENGINE=InnoDB DEFAULT CHARSET=utf8mb4;

--
-- Dumping data for table `status_kehadiran`
--

INSERT INTO `status_kehadiran` (`id_stskhd`, `nama_stskhd`) VALUES
(1, 'Tidak Hadir'),
(2, 'Hadir');

-- --------------------------------------------------------

--
-- Table structure for table `status_pembayaran`
--

CREATE TABLE `status_pembayaran` (
  `id_stsbyr` tinyint(2) NOT NULL,
  `nama_stsbyr` varchar(15) NOT NULL
) ENGINE=InnoDB DEFAULT CHARSET=utf8mb4;

--
-- Dumping data for table `status_pembayaran`
--

INSERT INTO `status_pembayaran` (`id_stsbyr`, `nama_stsbyr`) VALUES
(2, 'Belum Lunas'),
(1, 'Sudah Lunas');

-- --------------------------------------------------------

--
-- Table structure for table `tiket`
--

CREATE TABLE `tiket` (
  `id_tiket` tinyint(3) NOT NULL,
  `id_seminar` tinyint(3) NOT NULL,
  `harga_tiket` bigint(15) NOT NULL,
  `slot_tiket` int(5) NOT NULL,
  `lampiran_tiket` varchar(100) NOT NULL
) ENGINE=InnoDB DEFAULT CHARSET=utf8mb4;

--
-- Dumping data for table `tiket`
--

INSERT INTO `tiket` (`id_tiket`, `id_seminar`, `harga_tiket`, `slot_tiket`, `lampiran_tiket`) VALUES
(4, 1, 35000, 200, '4fe1870a3764ad3cb7fd0a5e22363b8d.jpg'),
(5, 2, 4000, 10, '67166adeafa5563b0a16628eb7bfc5e6.jpg');

-- --------------------------------------------------------

--
-- Table structure for table `users`
--

CREATE TABLE `users` (
  `id` int(11) UNSIGNED NOT NULL,
  `ip_address` varchar(45) NOT NULL,
  `username` varchar(100) DEFAULT NULL,
  `password` varchar(255) NOT NULL,
  `email` varchar(254) NOT NULL,
  `activation_selector` varchar(255) DEFAULT NULL,
  `activation_code` varchar(255) DEFAULT NULL,
  `forgotten_password_selector` varchar(255) DEFAULT NULL,
  `forgotten_password_code` varchar(255) DEFAULT NULL,
  `forgotten_password_time` int(11) UNSIGNED DEFAULT NULL,
  `remember_selector` varchar(255) DEFAULT NULL,
  `remember_code` varchar(255) DEFAULT NULL,
  `created_on` int(11) UNSIGNED NOT NULL,
  `last_login` int(11) UNSIGNED DEFAULT NULL,
  `active` tinyint(1) UNSIGNED DEFAULT NULL,
  `first_name` varchar(50) DEFAULT NULL,
  `last_name` varchar(50) DEFAULT NULL,
  `company` varchar(100) DEFAULT NULL,
  `phone` varchar(20) DEFAULT NULL,
  `foto` varchar(50) NOT NULL
) ENGINE=InnoDB DEFAULT CHARSET=utf8;

--
-- Dumping data for table `users`
--

INSERT INTO `users` (`id`, `ip_address`, `username`, `password`, `email`, `activation_selector`, `activation_code`, `forgotten_password_selector`, `forgotten_password_code`, `forgotten_password_time`, `remember_selector`, `remember_code`, `created_on`, `last_login`, `active`, `first_name`, `last_name`, `company`, `phone`, `foto`) VALUES
(1, '127.0.0.1', 'administrator', '$2y$12$ml83HGMMj9/8lQ9yTVmhrO/jIQiGPEwvn0cIXYRP2W3fIaUHeo7G.', 'admin@admin.com', NULL, '', NULL, NULL, NULL, NULL, NULL, 1268889823, 1608726916, 1, 'Admin', 'istrator', 'ADMIN', '0', '');

-- --------------------------------------------------------

--
-- Table structure for table `users_groups`
--

CREATE TABLE `users_groups` (
  `id` int(11) UNSIGNED NOT NULL,
  `user_id` int(11) UNSIGNED NOT NULL,
  `group_id` mediumint(8) UNSIGNED NOT NULL
) ENGINE=InnoDB DEFAULT CHARSET=utf8;

--
-- Dumping data for table `users_groups`
--

INSERT INTO `users_groups` (`id`, `user_id`, `group_id`) VALUES
(1, 1, 1),
(2, 1, 2);

--
-- Indexes for dumped tables
--

--
-- Indexes for table `groups`
--
ALTER TABLE `groups`
  ADD PRIMARY KEY (`id`);

--
-- Indexes for table `jenjang`
--
ALTER TABLE `jenjang`
  ADD PRIMARY KEY (`id_jenjang`);

--
-- Indexes for table `konsentrasi`
--
ALTER TABLE `konsentrasi`
  ADD PRIMARY KEY (`id_konsentrasi`);

--
-- Indexes for table `login_attempts`
--
ALTER TABLE `login_attempts`
  ADD PRIMARY KEY (`id`);

--
-- Indexes for table `mahasiswa`
--
ALTER TABLE `mahasiswa`
  ADD PRIMARY KEY (`id_mahasiswa`),
  ADD KEY `id_prodi` (`id_prodi`,`id_konsentrasi`,`id_jenjang`);

--
-- Indexes for table `metode_pembayaran`
--
ALTER TABLE `metode_pembayaran`
  ADD PRIMARY KEY (`id_metode`);

--
-- Indexes for table `pembicara`
--
ALTER TABLE `pembicara`
  ADD PRIMARY KEY (`id_pembicara`),
  ADD KEY `id_seminar` (`id_seminar`);

--
-- Indexes for table `pendaftaran_seminar`
--
ALTER TABLE `pendaftaran_seminar`
  ADD PRIMARY KEY (`id_pendaftaran`),
  ADD KEY `id_seminar` (`id_seminar`,`id_mahasiswa`,`id_stsbyr`,`id_metode`);

--
-- Indexes for table `presensi_seminar`
--
ALTER TABLE `presensi_seminar`
  ADD PRIMARY KEY (`id_presensi`),
  ADD KEY `id_mahasiswa` (`id_mahasiswa`,`id_stskhd`),
  ADD KEY `id_seminar` (`id_seminar`);

--
-- Indexes for table `prodi`
--
ALTER TABLE `prodi`
  ADD PRIMARY KEY (`id_prodi`);

--
-- Indexes for table `seminar`
--
ALTER TABLE `seminar`
  ADD PRIMARY KEY (`id_seminar`);

--
-- Indexes for table `sponsor`
--
ALTER TABLE `sponsor`
  ADD PRIMARY KEY (`id_sponsor`),
  ADD KEY `id_seminar` (`id_seminar`);

--
-- Indexes for table `status_kehadiran`
--
ALTER TABLE `status_kehadiran`
  ADD PRIMARY KEY (`id_stskhd`);

--
-- Indexes for table `status_pembayaran`
--
ALTER TABLE `status_pembayaran`
  ADD PRIMARY KEY (`id_stsbyr`),
  ADD KEY `nama_stsbyr` (`nama_stsbyr`);

--
-- Indexes for table `tiket`
--
ALTER TABLE `tiket`
  ADD PRIMARY KEY (`id_tiket`),
  ADD KEY `id_seminar` (`id_seminar`);

--
-- Indexes for table `users`
--
ALTER TABLE `users`
  ADD PRIMARY KEY (`id`),
  ADD UNIQUE KEY `uc_email` (`email`),
  ADD UNIQUE KEY `uc_activation_selector` (`activation_selector`),
  ADD UNIQUE KEY `uc_forgotten_password_selector` (`forgotten_password_selector`),
  ADD UNIQUE KEY `uc_remember_selector` (`remember_selector`);

--
-- Indexes for table `users_groups`
--
ALTER TABLE `users_groups`
  ADD PRIMARY KEY (`id`),
  ADD UNIQUE KEY `uc_users_groups` (`user_id`,`group_id`),
  ADD KEY `fk_users_groups_users1_idx` (`user_id`),
  ADD KEY `fk_users_groups_groups1_idx` (`group_id`);

--
-- AUTO_INCREMENT for dumped tables
--

--
-- AUTO_INCREMENT for table `groups`
--
ALTER TABLE `groups`
  MODIFY `id` mediumint(8) UNSIGNED NOT NULL AUTO_INCREMENT, AUTO_INCREMENT=3;

--
-- AUTO_INCREMENT for table `jenjang`
--
ALTER TABLE `jenjang`
  MODIFY `id_jenjang` tinyint(2) NOT NULL AUTO_INCREMENT, AUTO_INCREMENT=3;

--
-- AUTO_INCREMENT for table `konsentrasi`
--
ALTER TABLE `konsentrasi`
  MODIFY `id_konsentrasi` tinyint(2) NOT NULL AUTO_INCREMENT, AUTO_INCREMENT=4;

--
-- AUTO_INCREMENT for table `login_attempts`
--
ALTER TABLE `login_attempts`
  MODIFY `id` int(11) UNSIGNED NOT NULL AUTO_INCREMENT, AUTO_INCREMENT=3;

--
-- AUTO_INCREMENT for table `mahasiswa`
--
ALTER TABLE `mahasiswa`
  MODIFY `id_mahasiswa` int(11) NOT NULL AUTO_INCREMENT, AUTO_INCREMENT=163;

--
-- AUTO_INCREMENT for table `metode_pembayaran`
--
ALTER TABLE `metode_pembayaran`
  MODIFY `id_metode` tinyint(2) NOT NULL AUTO_INCREMENT, AUTO_INCREMENT=4;

--
-- AUTO_INCREMENT for table `pembicara`
--
ALTER TABLE `pembicara`
  MODIFY `id_pembicara` tinyint(3) NOT NULL AUTO_INCREMENT, AUTO_INCREMENT=13;

--
-- AUTO_INCREMENT for table `pendaftaran_seminar`
--
ALTER TABLE `pendaftaran_seminar`
  MODIFY `id_pendaftaran` int(10) NOT NULL AUTO_INCREMENT, AUTO_INCREMENT=162;

--
-- AUTO_INCREMENT for table `presensi_seminar`
--
ALTER TABLE `presensi_seminar`
  MODIFY `id_presensi` int(11) NOT NULL AUTO_INCREMENT, AUTO_INCREMENT=81;

--
-- AUTO_INCREMENT for table `prodi`
--
ALTER TABLE `prodi`
  MODIFY `id_prodi` tinyint(2) NOT NULL AUTO_INCREMENT, AUTO_INCREMENT=4;

--
-- AUTO_INCREMENT for table `seminar`
--
ALTER TABLE `seminar`
  MODIFY `id_seminar` int(3) NOT NULL AUTO_INCREMENT, AUTO_INCREMENT=3;

--
-- AUTO_INCREMENT for table `sponsor`
--
ALTER TABLE `sponsor`
  MODIFY `id_sponsor` tinyint(3) NOT NULL AUTO_INCREMENT, AUTO_INCREMENT=7;

--
-- AUTO_INCREMENT for table `status_kehadiran`
--
ALTER TABLE `status_kehadiran`
  MODIFY `id_stskhd` tinyint(1) NOT NULL AUTO_INCREMENT, AUTO_INCREMENT=3;

--
-- AUTO_INCREMENT for table `status_pembayaran`
--
ALTER TABLE `status_pembayaran`
  MODIFY `id_stsbyr` tinyint(2) NOT NULL AUTO_INCREMENT, AUTO_INCREMENT=3;

--
-- AUTO_INCREMENT for table `tiket`
--
ALTER TABLE `tiket`
  MODIFY `id_tiket` tinyint(3) NOT NULL AUTO_INCREMENT, AUTO_INCREMENT=6;

--
-- AUTO_INCREMENT for table `users`
--
ALTER TABLE `users`
  MODIFY `id` int(11) UNSIGNED NOT NULL AUTO_INCREMENT, AUTO_INCREMENT=2;

--
-- AUTO_INCREMENT for table `users_groups`
--
ALTER TABLE `users_groups`
  MODIFY `id` int(11) UNSIGNED NOT NULL AUTO_INCREMENT, AUTO_INCREMENT=3;

--
-- Constraints for dumped tables
--

--
-- Constraints for table `users_groups`
--
ALTER TABLE `users_groups`
  ADD CONSTRAINT `fk_users_groups_groups1` FOREIGN KEY (`group_id`) REFERENCES `groups` (`id`) ON DELETE CASCADE ON UPDATE NO ACTION,
  ADD CONSTRAINT `fk_users_groups_users1` FOREIGN KEY (`user_id`) REFERENCES `users` (`id`) ON DELETE CASCADE ON UPDATE NO ACTION;
COMMIT;

/*!40101 SET CHARACTER_SET_CLIENT=@OLD_CHARACTER_SET_CLIENT */;
/*!40101 SET CHARACTER_SET_RESULTS=@OLD_CHARACTER_SET_RESULTS */;
/*!40101 SET COLLATION_CONNECTION=@OLD_COLLATION_CONNECTION */;
